INSERT INTO guitarbrands (brand_id, brandname) VALUES
(1,	'Yamaha'),
(2,	'Ibanez'),
(3,	'LyxPro'),
(4,	'Paracho'),
(5,	'Washburn'),
(6,	'Crate'),
(7, 'Cort'),
(8,	'Firefly'),
(9,	'Fender'),
(10, 'Greco'),
(11,'Teisco'),
(12, 'Schecter'),
(13, 'Squier'),
(14, 'Jackson'),
(15, 'Breedlove'),
(16, 'Juan Salvador'),
(17, 'Unbranded'),
(18, 'First Act'),
(19, 'Martin'),
(20, 'Gibson'),
(21, 'Fernandes'),
(22, 'Taylor'),
(23, 'The Heritage'),
(24, 'Epiphone'),
(25, 'Dean'),
(26, 'Gretsch Guitars'),
(27, 'Rickenbacker'),
(28, 'Ernie Bell Music Man'),
(29, 'BGuitars'),
(30, 'Val Dez'),
(31, 'Tanglewood'),
(32, 'Tagima'),
(33, 'Kent'),
(34, 'Harley Benton'),
(35, 'Mitchell'),
(36, 'Gretsch'),
(37, 'PRS'),
(38, 'EVH'),
(39, 'ESP');

INSERT INTO category (category_id, guitar_type) VALUES
(1, 'Electric'),
(2, 'Acoustic'),
(3, 'Classical'),
(4, 'Bass');

INSERT INTO founder (owner_id, owner_name) VALUES
(1, 'Sahim'),
(2, 'Adrian'),
(3, 'Nick'),
(4, 'Kyle'),
(5, 'Daniil');

INSERT INTO products (guitar_id, model, year, price, category_id, brand_id, owner_id) VALUES
(1, 'FG800', '2020', 199.99, 2, 1, 4),
(2, 'AEG70', 'N/A', 399.99, 2, 2, 5),
(3, 'Telecaster', '2023', 150.99, 1, 3, 1),
(4, 'Classical Guitar', '2023', 325.00, 3, 4, 2),
(5, 'Washburn A20v', '1984', 1499.00, 1, 5, 1),
(6, 'Crate Electra Les Paul', 'N/A', 425.00, 1, 6, 1),
(7, 'RG550', '1990', 600.00, 1, 2, 1),
(8, 'Washburn Pro X Series', 'N/A', 139.95, 1, 5, 1),
(9, 'AF55-TF 5B-05', 'N/A', 329.99, 1, 2, 1),
(10, 'Z40 Zenox', '2008', 180.00, 1, 7, 1),
(11, 'Stratocaster HSS', 'N/A', 400.00, 1, 8, 1),
(12, 'fender starcaster strat', '1978', 800.00, 1, 9, 1),
(13, 'Greco EG450 Les Paul Standard', '1978', 799.00, 1, 10, 1),
(14, 'gpo', '1960', 1350.00, 1, 11, 1),
(15, 'FFTL-GWT-SP-56', '2024', 400.00, 1, 8, 1),
(16, 'PT', '2017', 835.00, 1, 12, 1),
(17, 'Contemporary Telecaster RH', '2023', 349.95, 1, 13, 1),
(18, 'Jackson Limited Edition', 'N/A', 99.99, 1, 14, 1),
(19, 'WSHAGPAKQTTB', 'N/A', 115.00, 2, 5, 1),
(20, 'Nylon CE', 'N/A', 52.00, 2, 15, 1),
(21, 'CGS', 'N/A', 105.00, 3, 1, 1),
(22, 'Modelo 2', '1980', 120.00, 3, 16, 1),
(23, '600', '1960', 216.00, 3, 17, 1),
(24, 'Fender MIJ Strat', 'N/A', 810.00, 1, 9, 3),
(25, 'First Act 10G', 'N/A', 170.00, 1, 18, 3),
(26, 'Fender American Elite Stratocaster', '2015', 1400.00, 1, 9, 3),
(27, 'Martin D12-35 12 String', '1974', 1850.00, 2, 19, 3),
(28, 'Gibson Les Paul Special', '2019', 880.00, 1, 20, 3),
(29, 'Fender HM Strat', '1989', 900.00, 1, 9, 3),
(30, 'Fernandes LE1', 'N/A', 450.00, 1, 21, 3),
(31, 'Taylor 950 12 String', '1990', 1700.00, 2, 22, 3),
(32, 'Fender Stratocaster', '1950', 630.00, 1, 9, 3),
(33, 'Yamaha FG230 12 String', 'N/A', 220.00, 2, 1, 3),
(34, 'Gibson SG Supreme', '2002', 2600.00, 1, 20, 3),
(35, 'The Heritage Custom', '1996', 2100.00, 1, 23, 3),
(36, 'Gibson J160E John Lennon 70th Anniversary Museum Edition', 'N/A', 11630.00, 2, 20, 3),
(37, 'Fender Telecaster', '1985', 1350.00, 1, 9, 3),
(38, 'Epiphone Les Paul Tribute Plus', '1960', 580.00, 1, 24, 3),
(39, 'Fender Contemporary Stratocaster H', '1980', 650.00, 1, 9, 3),
(40, 'Dean MD24', 'N/A', 510.00, 1, 25, 3),
(41, 'Gretsch Guitars 7690 Super Chet', '1977', 2500.00, 1, 36, 3),
(42, 'Rickenbacker 370/12 Roger McGuinn Limited Edition', '1989', 6450.00, 1, 27, 3),
(43, 'Ernie Ball Music Man JP6 John Petrucci Signature', '2011', 1450.00, 1, 28, 3),
(44, 'Studio Les Paul', '2017', 1000.00, 1, 20, 4),
(45, 'Fgx720sca', 'N/A', 300.00, 2, 1, 4),
(46, 'IJVC50-NT 3U-06', '2006', 75.00, 2, 2, 4),
(47, '114e Guitar', '2014', 550.00, 2, 22, 4),
(48, 'Viper', 'N/A', 75.00, 1, 29, 4),
(49, 'Epiphone TV Yellow Les Paul', '2022', 600.00, 1, 24, 4),
(50, 'Squier Strat', '2010', 250.00, 1, 13, 4),
(51, 'F325d', 'N/A', 70.00, 2, 1, 4),
(52, 'Riviera', '2008', 450.00, 1, 24, 4),
(53, 'Stratocaster', '2010', 599.00, 1, 9, 4),
(54, 'FX335c', '2015', 280.00, 2, 1, 4),
(55, '33558', '1971', 300.00, 2, 30, 4),
(56, 'TW4 BR', 'N/A', 160.00, 2, 31, 4),
(57, 'Telecaster', '2023', 240.00, 1, 32, 4),
(58, 'Gio', '2023', 300.00, 1, 2, 4),
(59, 'Les Paul Custom Pro', '2023', 650.00, 1, 24, 4),
(60, 'Musicmaster', '1975', 1150.00, 4, 9, 4),
(61, 'AD5CEPACK-A-U', '2022', 150.00, 2, 5, 4),
(62, 'RDG61ALA', '2022', 825.00, 1, 2, 4),
(63, 'Les Paul', '1978', 300.00, 1, 33, 4),
(64, 'FG830', '2020', 332.49, 2, 1, 5),
(65, 'F310', '2021', 219.99, 2, 1, 5),
(66, 'PF1512', '2019', 249.99, 2, 2, 5),
(67, 'JS24', '2022', 329.99, 2, 14, 5),
(68, 'JS22', '2020', 299.99, 2, 14, 5),
(69, 'GRGA120QA', '2020', 299.99, 2, 2, 5),
(70, 'Pacifica 112VM', '2018', 299.99, 2, 1, 5),
(71, 'FA-135CE', '2022', 179.99, 2, 9, 5),
(72, 'FX335C', '2019', 239.99, 2, 1, 5),
(73, 'F335', '2019', 159.99, 2, 1, 5),
(74, 'FG800J', '2021', 199.99, 2, 1, 5),
(75, 'FGX800C', '2021', 359.99, 2, 1, 5),
(76, 'APX600', '2023', 299.99, 2, 1, 5),
(77, 'LP100', '2018', 249.00, 1, 24, 5),
(78, 'CC-60SCE', '2017', 269.99, 2, 9, 5),
(79, 'CC-60S', '2020', 199.99, 2, 9, 5),
(80, 'SC-500', '2021', 149.00, 2, 34, 5),
(81, 'GRX70QA', '2022', 199.99, 1, 2, 5),
(82, 'FA-125CE', '2019', 199.99, 2, 9, 5),
(83, 'MS470', '2023', 249.99, 1, 35, 5),
(84, 'G5420TG-59', 'N/A', 699.99, 2, 36, 2),
(85, 'Les Paul Custom P-90', '2023', 699.00, 1, 24, 2),
(86, 'Joe Bonamassa Les Paul', 'N/A', 800.00, 1, 24, 2),
(87, '1963 Firebird 1', '1963', 1299.99, 1, 24, 2),
(88, 'SE P20E Tonare Parlor Acoustic', '2021', 499.00, 2, 37, 2),
(89, 'Wolfgang WG Standard Exotic', '2022', 749.99, 1, 38, 2),
(90, 'Frankenstein Relic Series', '2023', 1499.99, 1, 38, 2),
(91, 'Traditional Strat MIJ', '1989', 1400.00, 1, 39, 2),
(92, '810-CE-LTD', '2001', 4990.00, 1, 22, 2),
(93, 'Roadstar II Comet RS135', '1984', 575.00, 1, 2, 2),
(94, 'L-5 1970s', '1970', 999.00, 2, 1, 2),
(95, 'Stratocaster', '2021', 699.00, 1, 9, 2),
(96, 'L6-S Custom', '1974', 1451.74, 1, 20, 2),
(97, 'Pro Series DK2M Dinky', 'N/A', 399.99, 1, 14, 2),
(98, 'TL-52 Telecaster Reissue MIJ', '1995', 999.00, 1, 9, 2),
(99, 'AS53-TF Artcore with Walnut Fretboard', '2020', 349.99, 1, 2, 2),
(100, 'SLG200N Silent Guitar', 'N/A', 749.99, 3, 1, 2),
(101, 'DCPA3', '2023', 1099.00, 2, 19, 2),
(102, 'Telecaster Custom', '1980', 800.00, 1, 39, 2);


INSERT INTO in_stock (brand_id, in_stockid, brandname) VALUES
(1, 1, 'Yamaha'),
(2, 1,	'Ibanez'),
(3, 1,	'LyxPro'),
(4, 1,	'Paracho'),
(5, 1,	'Washburn'),
(6, 1,	'Crate'),
(7, 1, 'Cort'),
(8, 1,	'Firefly'),
(9, 1,	'Fender'),
(10, 1, 'Greco'),
(11, 1, 'Teisco'),
(12, 1, 'Schecter'),
(13, 1, 'Squier'),
(14, 1, 'Jackson'),
(15, 1, 'Breedlove'),
(16, 1, 'Juan Salvador'),
(17, 1, 'Unbranded'),
(18, 1, 'First Act'),
(19, 1, 'Martin'),
(20, 1, 'Gibson'),
(21, 1, 'Fernandes'),
(22, 1, 'Taylor'),
(23, 1, 'The Heritage'),
(24, 1, 'Epiphone'),
(25, 1, 'Dean'),
(26, 1, 'Gretsch Guitars'),
(27, 1, 'Rickenbacker'),
(28, 1, 'Ernie Bell Music Man'),
(29, 1, 'BGuitars'),
(30, 1, 'Val Dez'),
(31, 1, 'Tanglewood'),
(32, 1, 'Tagima'),
(33, 1, 'Kent'),
(34, 1, 'Harley Benton'),
(35, 1, 'Mitchell'),
(36, 1, 'Gretsch'),
(37, 1, 'PRS'),
(38, 1, 'EVH'),
(39, 1, 'ESP');

